{"parent":"minecraft:item/generated","textures":{"layer0":"minecraft:item/iron_helmet"},"overrides":[{"predicate":{"custom_model_data":2200065},"model":"slimefun:slimefun/armor/damascus_armor/helmet"},{"predicate":{"custom_model_data":2200069},"model":"slimefun:slimefun/armor/reinforced_armor/helmet"},{"predicate":{"custom_model_data":2200158},"model":"slimefun:slimefun/technical_gadgets/solar_helmet"},{"predicate":{"custom_model_data":2200233},"model":"slimefun:slimefun/magical_armor/slime_armor_steel/helmet"},{"predicate":{"custom_model_data":2201203},"model":"extra_gear:armor/aluminum/aluminum_helmet"},{"predicate":{"custom_model_data":2201207},"model":"extra_gear:armor/cobalt/cobalt_helmet"},{"predicate":{"custom_model_data":2201215},"model":"extra_gear:armor/lead/lead_helmet"},{"predicate":{"custom_model_data":2201219},"model":"extra_gear:armor/magnesium/magnesium_helmet"},{"predicate":{"custom_model_data":2201223},"model":"extra_gear:armor/silver/silver_helmet"},{"predicate":{"custom_model_data":2201227},"model":"extra_gear:armor/steel/steel_helmet"},{"predicate":{"custom_model_data":2201231},"model":"extra_gear:armor/tin/tin_helmet"},{"predicate":{"custom_model_data":2201235},"model":"extra_gear:armor/zinc/zinc_helmet"},{"predicate":{"custom_model_data":2201236},"model":"item/iron_helmet"}]}